id,post_title,slug,post_body,created,updated,display,postbase_ptr,book_title,author,cover_description,image_name,blog_display,cover_image
119,,demon-our-own-design-markets-hedge-funds-and-perils-financial-innovation,Placeholder,2020-07-30 18:21:46.093633+00:00,2020-07-30,True,PostBase object (119),A Demon of Our Own Design: Markets; Hedge Funds; and the Perils of Financial Innovation,Bookstaber; Richard,Placeholder,ADemonOfOurOwnDesign.jpg,False,Nothing_Yet
118,,50EconomicsClassicsYourshortcuttothemostimportantideasoncapitalismfinanceandtheglobaleconomy,Placeholder,2020-07-30 18:21:46.090251+00:00,2020-07-30,True,PostBase object (118),50 Economics Classics: Your shortcut to the most important ideas on capitalism; finance; and the global economy,Butler-Bowdon; Tom,Placeholder,50EconomicsClassics.jpg,False,Nothing_Yet
117,,AdamSmithFatherofEconomics,Placeholder,2020-07-30 18:21:46.086597+00:00,2020-07-30,True,PostBase object (117),Adam Smith: Father of Economics,Norman; Jesse,Placeholder,AdamSmithFatherOfEconomics.jpg,False,Nothing_Yet
116,,against-gods-remarkable-story-risk,Placeholder,2020-07-30 18:21:46.082839+00:00,2020-07-30,True,PostBase object (116),Against the Gods: The Remarkable Story of Risk,Bernstein; Peter L.,Placeholder,AgainstTheGods.jpg,False,Nothing_Yet
115,,TheAgeofTurbulenceAdventuresinaNewWorld,Placeholder,2020-07-30 18:21:46.079847+00:00,2020-07-30,True,PostBase object (115),The Age of Turbulence: Adventures in a New World,Greenspan; Alan,Placeholder,AgeOfTurbulence.jpg,False,Nothing_Yet
114,,AlltheDevilsareHereTheHiddenHistoryoftheFinancialCrisis,Placeholder,2020-07-30 18:21:46.076395+00:00,2020-07-30,True,PostBase object (114),All the Devils are Here: The Hidden History of the Financial Crisis,McLean; Bethany,Placeholder,AllTheDevilsAreHere.jpg,False,Nothing_Yet
113,,AManforAllMarkets,Placeholder,2020-07-30 18:21:46.073177+00:00,2020-07-30,True,PostBase object (113),A Man for All Markets,Thorp; Edward O.,Placeholder,AManForAllMarkets.jpg,False,Nothing_Yet
112,,AmericanSniperTheAutobiographyoftheMostLethalSniperinU.S.MilitaryHistory,Placeholder,2020-07-30 18:21:46.069705+00:00,2020-07-30,True,PostBase object (112),American Sniper: The Autobiography of the Most Lethal Sniper in U.S. Military History,Kyle; Chris,Placeholder,AmericanSniper.jpg,False,Nothing_Yet
111,,AntifragileThingsThatGainfromDisorder,Placeholder,2020-07-30 18:21:46.066170+00:00,2020-07-30,True,PostBase object (111),Antifragile: Things That Gain from Disorder,Taleb; Nassim Nicholas ,Placeholder,AntiFragile.jpg,False,Nothing_Yet
110,,ARandomWalkDownWallStreet,Placeholder,2020-07-30 18:21:46.062193+00:00,2020-07-30,True,PostBase object (110),A Random Walk Down Wall Street,Malkiel; Burton G.,Placeholder,ARandomWalkDownWallStreet.jpg,False,Nothing_Yet
109,,ASlaveNoMoreTwoMenWhoEscapedtoFreedomIncludingTheirOwnNarrativesofEmancipation,Placeholder,2020-07-30 18:21:46.058454+00:00,2020-07-30,True,PostBase object (109),A Slave No More: Two Men Who Escaped to Freedom; Including Their Own Narratives of Emancipation,Blight; David W.,Placeholder,ASlaveNoMore.jpg,False,Nothing_Yet
108,,ASongofIceandFire,Placeholder,2020-07-30 18:21:46.054835+00:00,2020-07-30,True,PostBase object (108),A Song of Ice and Fire,Martin; George R.R.,Placeholder,ASOIAF.jpg,False,Nothing_Yet
107,,ASplendidExchangeHowTradeShapedtheWorldfromPrehistorytoToday,Placeholder,2020-07-30 18:21:46.050847+00:00,2020-07-30,True,PostBase object (107),A Splendid Exchange: How Trade Shaped the World from Prehistory to Today,Bernstein; William J.,Placeholder,ASplendidExchange.jpg,False,Nothing_Yet
106,,BehaveTheBiologyofHumansatOurBestandWorst,Placeholder,2020-07-30 18:21:46.047464+00:00,2020-07-30,True,PostBase object (106),Behave: The Biology of Humans at Our Best and Worst,Sapolsky; Robert M.,Placeholder,Behave.jpg,False,Nothing_Yet
105,,BenjaminFranklinAnAmericanLife,Placeholder,2020-07-30 18:21:46.043760+00:00,2020-07-30,True,PostBase object (105),Benjamin Franklin: An American Life,Isaacson; Walter ,Placeholder,BenFranklin.jpg,False,Nothing_Yet
104,,TheAutobiographyofBenjaminFranklin,Placeholder,2020-07-30 18:21:46.039908+00:00,2020-07-30,True,PostBase object (104),The Autobiography of Benjamin Franklin,Franklin; Benjamin,Placeholder,BenFranklinAutoBiography.jpg,False,Nothing_Yet
103,,TheBigShortInsidetheDoomsdayMachine,Placeholder,2020-07-30 18:21:46.035920+00:00,2020-07-30,True,PostBase object (103),The Big Short: Inside the Doomsday Machine,Lewis; Michael,Placeholder,BigShort.jpg,False,Nothing_Yet
102,,DeathbyBlackHoleAndOtherCosmicQuandaries,Placeholder,2020-07-30 18:21:46.031930+00:00,2020-07-30,True,PostBase object (102),Death by Black Hole: And Other Cosmic Quandaries,Tyson; Neil deGrasse ,Placeholder,BlackSwan.jpg,False,Nothing_Yet
101,,TheBlindWatchmakerWhytheEvidenceofEvolutionRevealsaUniverseWithoutDesign,Placeholder,2020-07-30 18:21:46.029063+00:00,2020-07-30,True,PostBase object (101),The Blind Watchmaker: Why the Evidence of Evolution Reveals a Universe Without Design,Dawkins; Richard ,Placeholder,BlindWatchmaker.jpg,False,Nothing_Yet
100,,BlinkThePowerofThinkingWithoutThinking,Placeholder,2020-07-30 18:21:46.025633+00:00,2020-07-30,True,PostBase object (100),Blink: The Power of Thinking Without Thinking,Gladwell; Malcolm,Placeholder,Blink.jpg,False,Nothing_Yet
99,,BoomerangTravelsintheNewThirdWorld,Placeholder,2020-07-30 18:21:46.022076+00:00,2020-07-30,True,PostBase object (99),Boomerang: Travels in the New Third World,Lewis; Michael,Placeholder,Boomerang.jpg,False,Nothing_Yet
98,,BornaCrimeStoriesfromaSouthAfricanChildhood,Placeholder,2020-07-30 18:21:46.017342+00:00,2020-07-30,True,PostBase object (98),Born a Crime: Stories from a South African Childhood,Noah; Trevor,Placeholder,BornACrime.jpg,False,Nothing_Yet
97,,BorntoRunAHiddenTribeSuperathletesandtheGreatestRacetheWorldHasNeverSeen,Placeholder,2020-07-30 18:21:46.012641+00:00,2020-07-30,True,PostBase object (97),Born to Run: A Hidden Tribe; Superathletes; and the Greatest Race the World Has Never Seen,McDougall; Christopher,Placeholder,BornToRun.jpg,False,Nothing_Yet
96,,CapitalIdeasEvolving,Placeholder,2020-07-30 18:21:46.008612+00:00,2020-07-30,True,PostBase object (96),Capital Ideas Evolving,Bernstein; Peter L.,Placeholder,CapitalIdeasEvolving.jpg,False,Nothing_Yet
95,,CapitalintheTwenty-FirstCentury,Placeholder,2020-07-30 18:21:46.004609+00:00,2020-07-30,True,PostBase object (95),Capital in the Twenty-First Century,"Piketty, Thomas",Placeholder,CapitalIntheTwentyFirstCentury.jpg,False,Nothing_Yet
94,,ChaosMakingaNewScience,Placeholder,2020-07-30 18:21:46.000620+00:00,2020-07-30,True,PostBase object (94),Chaos: Making a New Science,Gleick; James ,Placeholder,ChaosMakingANewScience.jpg,False,Nothing_Yet
93,,CommonStocksandUncommonProfitsandOtherWritings,Placeholder,2020-07-30 18:21:45.996445+00:00,2020-07-30,True,PostBase object (93),Common Stocks and Uncommon Profits and Other Writings,Fisher; Philip A.,Placeholder,CommonStocksAndUncommonProfits.jpg,False,Nothing_Yet
92,,CompetitiveAdvantageCreatingandSustainingSuperiorPerformance,Placeholder,2020-07-30 18:21:45.992235+00:00,2020-07-30,True,PostBase object (92),Competitive Advantage: Creating and Sustaining Superior Performance,Porter; Michael E.,Placeholder,CompetitiveAdvantage.jpg,False,Nothing_Yet
91,,CompetitiveStrategyTechniquesforAnalyzingIndustriesandCompetitors,Placeholder,2020-07-30 18:21:45.989316+00:00,2020-07-30,True,PostBase object (91),Competitive Strategy: Techniques for Analyzing Industries and Competitors,"Porter, Michael E.",Placeholder,CompetitiveStrategy.jpg,False,Nothing_Yet
90,,ConfessionsofaStreetAddict,Placeholder,2020-07-30 18:21:45.985994+00:00,2020-07-30,True,PostBase object (90),Confessions of a Street Addict,Cramer; James J.,Placeholder,ConfessionsOfAStreetAddict.jpg,False,Nothing_Yet
89,,Cosmos,Placeholder,2020-07-30 18:21:45.982182+00:00,2020-07-30,True,PostBase object (89),Cosmos,Sagan; Carl,Placeholder,Cosmos.jpg,False,Nothing_Yet
88,,CrashedHowaDecadeofFinancialCrisesChangedtheWorld,Placeholder,2020-07-30 18:21:45.979190+00:00,2020-07-30,True,PostBase object (88),Crashed: How a Decade of Financial Crises Changed the World,Tooze; Adam,Placeholder,Crashed.jpg,False,Nothing_Yet
87,,DealingwithChinaAnInsiderUnmaskstheNewEconomicSuperpower,Placeholder,2020-07-30 18:21:45.976196+00:00,2020-07-30,True,PostBase object (87),Dealing with China: An Insider Unmasks the New Economic Superpower,Paulson; Henry M. Jr.,Placeholder,DealingWithChina.jpg,False,Nothing_Yet
86,,DeathbyBlackHoleAndOtherCosmicQuandaries,Placeholder,2020-07-30 18:21:45.972864+00:00,2020-07-30,True,PostBase object (86),Death by Black Hole: And Other Cosmic Quandaries,Tyson; Neil deGrasse ,Placeholder,DeathByBlackHole.jpg,False,Nothing_Yet
85,,DreamsfromMyFatherAStoryofRaceandInheritance,Placeholder,2020-07-30 18:21:45.968348+00:00,2020-07-30,True,PostBase object (85),Dreams from My Father: A Story of Race and Inheritance,Obama; Barack,Placeholder,DreamsFromMyFather.jpg,False,Nothing_Yet
84,,EinsteinHisLifeandUniverse,Placeholder,2020-07-30 18:21:45.964355+00:00,2020-07-30,True,PostBase object (84),Einstein: His Life and Universe,Isaacson; Walter ,Placeholder,Einstein.jpg,False,Nothing_Yet
83,,ElonMuskTeslaSpaceXandtheQuestforaFantasticFuture,Placeholder,2020-07-30 18:21:45.961398+00:00,2020-07-30,True,PostBase object (83),Elon Musk: Tesla; SpaceX; and the Quest for a Fantastic Future,Vance; Ashlee ,Placeholder,ElonMusk.jpg,False,Nothing_Yet
82,,EnlightenmentNowTheCaseforReasonScienceHumanismandProgress,Placeholder,2020-07-30 18:21:45.957806+00:00,2020-07-30,True,PostBase object (82),Enlightenment Now: The Case for Reason; Science; Humanism; and Progress,Pinker; Steven ,Placeholder,EnlightenmentNow.jpg,False,Nothing_Yet
81,,FlashBoysAWallStreetRevolt,Placeholder,2020-07-30 18:21:45.954232+00:00,2020-07-30,True,PostBase object (81),Flash Boys: A Wall Street Revolt,Lewis; Michael,Placeholder,FlashBoys.jpg,False,Nothing_Yet
80,,FortheLoveofPhysicsFromtheEndoftheRainbowtotheEdgeofTime-AJourneyThroughtheWondersofPhysics,Placeholder,2020-07-30 18:21:45.950323+00:00,2020-07-30,True,PostBase object (80),For the Love of Physics: From the End of the Rainbow to the Edge of Time - A Journey Through the Wonders of Physics,Lewin; Walter,Placeholder,ForTheLoveOfPhysics.jpg,False,Nothing_Yet
79,,FreakonomicsARogueEconomistExplorestheHiddenSideofEverything,Placeholder,2020-07-30 18:21:45.947367+00:00,2020-07-30,True,PostBase object (79),Freakonomics: A Rogue Economist Explores the Hidden Side of Everything,Levitt; Steven D.,Placeholder,Freakonomics.jpg,False,Nothing_Yet
78,,TheGeneAnIntimateHistory,Placeholder,2020-07-30 18:21:45.944340+00:00,2020-07-30,True,PostBase object (78),The Gene: An Intimate History,Mukherjee; Siddhartha,Placeholder,GeneAnIntimateHistory.jpg,False,Nothing_Yet
77,,GunsGermsandSteelTheFatesofHumanSocieties,Placeholder,2020-07-30 18:21:45.940347+00:00,2020-07-30,True,PostBase object (77),Guns; Germs; and Steel: The Fates of Human Societies,Diamond; Jared,Placeholder,GunsGermsSteel.jpg,False,Nothing_Yet
76,,ADemonofOurOwnDesignMarketsHedgeFundsandthePerilsofFinancialInnovation,Placeholder,2020-07-30 18:21:45.936951+00:00,2020-07-30,True,PostBase object (76),A Demon of Our Own Design: Markets; Hedge Funds; and the Perils of Financial Innovation,Bookstaber; Richard,Placeholder,HedgeFundInvesting.jpg,False,Nothing_Yet
74,,TheHouseofHades (TheHeroesofOlympus4),Placeholder,2020-07-30 18:21:45.929321+00:00,2020-07-30,True,PostBase object (74),The House of Hades (The Heroes of Olympus; #4),Riordan; Rick ,Placeholder,HouseOfMorgan.jpg,False,Nothing_Yet
72,,InvestingPsychology,Placeholder,2020-07-30 18:21:45.922387+00:00,2020-07-30,True,PostBase object (72),Investing Psychology ,Richards; Tim,Placeholder,InvestingPsychology.jpg,False,Nothing_Yet
71,,IrrationalExuberance,Placeholder,2020-07-30 18:21:45.919187+00:00,2020-07-30,True,PostBase object (71),Irrational Exuberance,Shiller; Robert J.,Placeholder,IrrationalExuberance.jpg,False,Nothing_Yet
70,,LeonardodaVinci,Placeholder,2020-07-30 18:21:45.915195+00:00,2020-07-30,True,PostBase object (70),Leonardo da Vinci,Isaacson; Walter ,Placeholder,LeonardoDaVinci.jpg,False,Nothing_Yet
69,,Liar'sPoker,Placeholder,2020-07-30 18:21:45.912112+00:00,2020-07-30,True,PostBase object (69),Liar's Poker,Lewis; Michael,Placeholder,Liar'sPoker.jpg,False,Nothing_Yet
68,,LordsofFinanceTheBankersWhoBroketheWorld,Placeholder,2020-07-30 18:21:45.908169+00:00,2020-07-30,True,PostBase object (68),Lords of Finance: The Bankers Who Broke the World,Ahamed; Liaquat,Placeholder,LordsOfFinance.jpg,False,Nothing_Yet
67,,Lying,Placeholder,2020-07-30 18:21:45.904244+00:00,2020-07-30,True,PostBase object (67),Lying,Harris; Sam,Placeholder,Lying.jpg,False,Nothing_Yet
66,,TheAutobiographyofMalcolmX,Placeholder,2020-07-30 18:21:45.900253+00:00,2020-07-30,True,PostBase object (66),The Autobiography of Malcolm X,X; Malcolm,Placeholder,MalcomX.jpg,False,Nothing_Yet
65,,TheManWhoKnewTheLifeandTimesofAlanGreenspan,Placeholder,2020-07-30 18:21:45.896801+00:00,2020-07-30,True,PostBase object (65),The Man Who Knew: The Life and Times of Alan Greenspan,Mallaby; Sebastian,Placeholder,ManWhoKnew.jpg,False,Nothing_Yet
64,,MasteringtheMarketCycleGettingtheOddsonYourSide,Placeholder,2020-07-30 18:21:45.893184+00:00,2020-07-30,True,PostBase object (64),Mastering the Market Cycle: Getting the Odds on Your Side,Marks; Howard,Placeholder,MasteringTheMarketCycle.jpg,False,Nothing_Yet
63,,MoneyChangesEverythingHowFinanceMadeCivilizationPossible,Placeholder,2020-07-30 18:21:45.889194+00:00,2020-07-30,True,PostBase object (63),Money Changes Everything: How Finance Made Civilization Possible,Goetzmann; William N.,Placeholder,MoneyChangesEverything.jpg,False,Nothing_Yet
62,,MoonwalkingwithEinsteinTheArtandScienceofRememberingEverything,Placeholder,2020-07-30 18:21:45.884209+00:00,2020-07-30,True,PostBase object (62),Moonwalking with Einstein: The Art and Science of Remembering Everything,Foer; Joshua ,Placeholder,MoonwalkingWithEinstein.jpg,False,Nothing_Yet
60,,NakedEconomicsUndressingtheDismalScience,Placeholder,2020-07-30 18:21:45.875234+00:00,2020-07-30,True,PostBase object (60),Naked Economics: Undressing the Dismal Science,Wheelan; Charles,Placeholder,NakedEconomics.jpg,False,Nothing_Yet
59,,NakedEconomicsUndressingtheDismalScience,Placeholder,2020-07-30 18:21:45.871266+00:00,2020-07-30,True,PostBase object (59),Naked Economics: Undressing the Dismal Science,Wheelan; Charles,Placeholder,NakedMoney.jpg,False,Nothing_Yet
58,,NapoleonALife,Placeholder,2020-07-30 18:21:45.867253+00:00,2020-07-30,True,PostBase object (58),Napoleon: A Life,Roberts; Andrew,Placeholder,Napoleon.jpg,False,Nothing_Yet
57,,ASlaveNoMoreTwoMenWhoEscapedtoFreedomIncludingTheirOwnNarrativesofEmancipation,Placeholder,2020-07-30 18:21:45.862267+00:00,2020-07-30,True,PostBase object (57),A Slave No More: Two Men Who Escaped to Freedom; Including Their Own Narratives of Emancipation,Blight; David W.,Placeholder,NarrativeAndNumbers.jpg,False,Nothing_Yet
56,,Oil101,Placeholder,2020-07-30 18:21:45.858278+00:00,2020-07-30,True,PostBase object (56),Oil 101,Downey; Morgan Patrick,Placeholder,Oil101.jpg,False,Nothing_Yet
55,,OnceaRunner,Placeholder,2020-07-30 18:21:45.854288+00:00,2020-07-30,True,PostBase object (55),Once a Runner,Parker Jr.; John L.,Placeholder,OnceARunner.jpg,False,Nothing_Yet
54,,OutliersTheStoryofSuccess,Placeholder,2020-07-30 18:21:45.850299+00:00,2020-07-30,True,PostBase object (54),Outliers: The Story of Success,Gladwell; Malcolm,Placeholder,Outliers.jpg,False,Nothing_Yet
53,,IdeaMan,Placeholder,2020-07-30 18:21:45.847050+00:00,2020-07-30,True,PostBase object (53),Idea Man,Allen; Paul,Placeholder,PaulAllen.jpg,False,Nothing_Yet
52,,PioneeringPortfolioManagementAnUnconventionalApproachtoInstitutionalInvestmentFullyRevisedandUpdated,Placeholder,2020-07-30 18:21:45.843816+00:00,2020-07-30,True,PostBase object (52),Pioneering Portfolio Management: An Unconventional Approach to Institutional Investment; Fully Revised and Updated,Swensen; David F.,Placeholder,PioneeringPortfolioManagement.jpg,False,Nothing_Yet
51,,ThePortableFinancialAnalystWhatPractitionersNeedtoKnow,Placeholder,2020-07-30 18:21:45.840003+00:00,2020-07-30,True,PostBase object (51),The Portable Financial Analyst: What Practitioners Need to Know,Kritzman; Mark P.,Placeholder,PortableFinancialAnalyst.jpg,False,Nothing_Yet
50,,PredictingtheMarketsAProfessionalAutobiography,Placeholder,2020-07-30 18:21:45.837092+00:00,2020-07-30,True,PostBase object (50),Predicting the Markets: A Professional Autobiography,Yardeni; Edward,Placeholder,PredictingTheMarkets.jpg,False,Nothing_Yet
49,,PrinciplesLifeandWork,Placeholder,2020-07-30 18:21:45.833098+00:00,2020-07-30,True,PostBase object (49),Principles: Life and Work,Dalio; Ray ,Placeholder,Principles.jpg,False,Nothing_Yet
48,,ThePsychopathWhispererTheScienceofThoseWithoutConscience,Placeholder,2020-07-30 18:21:45.830107+00:00,2020-07-30,True,PostBase object (48),The Psychopath Whisperer: The Science of Those Without Conscience,Kiehl; Kent,Placeholder,PyschopathWhisperer.jpg,False,Nothing_Yet
47,,ReaganTheLife,Placeholder,2020-07-30 18:21:45.826516+00:00,2020-07-30,True,PostBase object (47),Reagan: The Life,Brands; H.W.,Placeholder,Reagan.jpg,False,Nothing_Yet
46,,"""SurelyYou'reJokingMr.Feynman!""AdventuresofaCuriousCharacter",Placeholder,2020-07-30 18:21:45.823662+00:00,2020-07-30,True,PostBase object (46),"""Surely You're Joking; Mr. Feynman!"": Adventures of a Curious Character",Feynman; Richard,Placeholder,RichardFeynman.jpg,False,Nothing_Yet
45,,AKnightoftheSevenKingdoms (TheTalesofDunkandEgg1-3),Placeholder,2020-07-30 18:21:45.819540+00:00,2020-07-30,True,PostBase object (45),A Knight of the Seven Kingdoms (The Tales of Dunk and Egg; #1-3),Martin; George R.R.,Placeholder,Seveneves.jpg,False,Nothing_Yet
44,,ShakyGroundTheStrangeSagaoftheU.S.MortgageGiants,Placeholder,2020-07-30 18:21:45.815551+00:00,2020-07-30,True,PostBase object (44),Shaky Ground: The Strange Saga of the U.S. Mortgage Giants,McLean; Bethany,Placeholder,ShakyGround.jpg,False,Nothing_Yet
43,,TheGreatestAdventuresofSherlockHomes,Placeholder,2020-07-30 18:21:45.811420+00:00,2020-07-30,True,PostBase object (43),The Greatest Adventures of Sherlock Homes,Doyle; Arthur Conan,Placeholder,SherlockHolmes.jpg,False,Nothing_Yet
42,,TheSnowballWarrenBuffettandtheBusinessofLife,Placeholder,2020-07-30 18:21:45.808574+00:00,2020-07-30,True,PostBase object (42),The Snowball: Warren Buffett and the Business of Life,Schroeder; Alice,Placeholder,Snowball.jpg,False,Nothing_Yet
41,,TheSportsGeneInsidetheScienceofExtraordinaryAthleticPerformance,Placeholder,2020-07-30 18:21:45.805424+00:00,2020-07-30,True,PostBase object (41),The Sports Gene: Inside the Science of Extraordinary Athletic Performance,Epstein; David ,Placeholder,SportsGene.jpg,False,Nothing_Yet
40,,SteveJobs,Placeholder,2020-07-30 18:21:45.801552+00:00,2020-07-30,True,PostBase object (40),Steve Jobs,Isaacson; Walter ,Placeholder,SteveJobs.jpg,False,Nothing_Yet
39,,CompetitiveStrategyTechniquesforAnalyzingIndustriesandCompetitors,Placeholder,2020-07-30 18:21:45.798558+00:00,2020-07-30,True,PostBase object (39),Competitive Strategy: Techniques for Analyzing Industries and Competitors,Porter; Michael E.,Placeholder,StrategicRiskTaking.jpg,False,Nothing_Yet
38,,CompetitiveStrategyTechniquesforAnalyzingIndustriesandCompetitors,Placeholder,2020-07-30 18:21:45.795226+00:00,2020-07-30,True,PostBase object (38),Competitive Strategy: Techniques for Analyzing Industries and Competitors,Porter; Michael E.,Placeholder,StrategicValueInvesting.jpg,False,Nothing_Yet
37,,StressTestReflectionsonFinancialCrises,Placeholder,2020-07-30 18:21:45.791977+00:00,2020-07-30,True,PostBase object (37),Stress Test: Reflections on Financial Crises,Geithner; Timothy F.,Placeholder,StressTest.jpg,False,Nothing_Yet
36,,StuffMattersExploringtheMarvelousMaterialsThatShapeOurMan-MadeWorld,Placeholder,2020-07-30 18:21:45.787790+00:00,2020-07-30,True,PostBase object (36),Stuff Matters: Exploring the Marvelous Materials That Shape Our Man-Made World,Miodownik; Mark,Placeholder,StuffMatters.jpg,False,Nothing_Yet
35,,SubliminalHowYourUnconsciousMindRulesYourBehavior,Placeholder,2020-07-30 18:21:45.783418+00:00,2020-07-30,True,PostBase object (35),Subliminal: How Your Unconscious Mind Rules Your Behavior,Mlodinow; Leonard,Placeholder,Subliminal.jpg,False,Nothing_Yet
34,,BorntoRunAHiddenTribeSuperathletesandtheGreatestRacetheWorldHasNeverSeen,Placeholder,2020-07-30 18:21:45.779429+00:00,2020-07-30,True,PostBase object (34),Born to Run: A Hidden Tribe; Superathletes; and the Greatest Race the World Has Never Seen,McDougall; Christopher,Placeholder,SuperFreakonomics.jpg,False,Nothing_Yet
33,,TheChecklistManifestoHowtoGetThingsRight,Placeholder,2020-07-30 18:21:45.774442+00:00,2020-07-30,True,PostBase object (33),The Checklist Manifesto: How to Get Things Right,Gawande; Atul,Placeholder,TheCheckListManifesto.jpg,False,Nothing_Yet
32,,TheCouragetoActAMemoirofaCrisisandItsAftermath,Placeholder,2020-07-30 18:21:45.770452+00:00,2020-07-30,True,PostBase object (32),The Courage to Act: A Memoir of a Crisis and Its Aftermath,Bernanke; Ben S.,Placeholder,TheCourageToAct.jpg,False,Nothing_Yet
31,,TheFourTheHiddenDNAofAmazonAppleFacebookandGoogle,Placeholder,2020-07-30 18:21:45.766464+00:00,2020-07-30,True,PostBase object (31),The Four: The Hidden DNA of Amazon; Apple; Facebook; and Google,Galloway; Scott,Placeholder,TheFour.jpg,False,Nothing_Yet
30,,TheHeroWithaThousandFaces,Placeholder,2020-07-30 18:21:45.762488+00:00,2020-07-30,True,PostBase object (30),The Hero With a Thousand Faces,Campbell; Joseph,Placeholder,TheHeroWithAThousandFaces.jpg,False,Nothing_Yet
29,,TheMagicofRealityHowWeKnowWhat'sReallyTrue,Placeholder,2020-07-30 18:21:45.759401+00:00,2020-07-30,True,PostBase object (29),The Magic of Reality: How We Know What's Really True,Dawkins; Richard ,Placeholder,TheMagicOfReality.jpg,False,Nothing_Yet
28,,TheMisbehaviorofMarketsAFractalViewofFinancialTurbulence,Placeholder,2020-07-30 18:21:45.756226+00:00,2020-07-30,True,PostBase object (28),The Misbehavior of Markets: A Fractal View of Financial Turbulence,Mandelbrot; Benoît B.,Placeholder,TheMisbehaviorOfMarkets.jpg,False,Nothing_Yet
27,,TheTigerATrueStoryofVengeanceandSurvival,Placeholder,2020-07-30 18:21:45.753011+00:00,2020-07-30,True,PostBase object (27),The Tiger: A True Story of Vengeance and Survival,Vaillant; John,Placeholder,TheTiger.jpg,False,Nothing_Yet
26,,TheUniverseinYourHandAJourneyThroughSpaceTimeandBeyond,Placeholder,2020-07-30 18:21:45.749520+00:00,2020-07-30,True,PostBase object (26),The Universe in Your Hand: A Journey Through Space; Time; and Beyond,Galfard; Christophe,Placeholder,TheUniverseInYourHand.jpg,False,Nothing_Yet
25,,TheWorldlyPhilosophers,Placeholder,2020-07-30 18:21:45.746001+00:00,2020-07-30,True,PostBase object (25),The Worldly Philosophers,Heilbroner; Robert L.,Placeholder,TheWorldlyPhilosophers.jpg,False,Nothing_Yet
24,,BlinkThePowerofThinkingWithoutThinking,Placeholder,2020-07-30 18:21:45.741267+00:00,2020-07-30,True,PostBase object (24),Blink: The Power of Thinking Without Thinking,Gladwell; Malcolm,Placeholder,ThinkTwice.jpg,False,Nothing_Yet
23,,ThisTimeIsDifferentEightCenturiesofFinancialFolly,Placeholder,2020-07-30 18:21:45.736941+00:00,2020-07-30,True,PostBase object (23),This Time Is Different: Eight Centuries of Financial Folly,Reinhart; Carmen M.,Placeholder,ThisTimeIsDifferent.jpg,False,Nothing_Yet
22,,ThomasJeffersonandtheTripoliPiratesTheForgottenWarthatChangedAmericanHistory,Placeholder,2020-07-30 18:21:45.732953+00:00,2020-07-30,True,PostBase object (22),Thomas Jefferson and the Tripoli Pirates: The Forgotten War that Changed American History,Kilmeade; Brian,Placeholder,ThomasJeffersonAndTheTripoliPirates.jpg,False,Nothing_Yet
21,,TheTippingPointHowLittleThingsCanMakeaBigDifference,Placeholder,2020-07-30 18:21:45.728962+00:00,2020-07-30,True,PostBase object (21),The Tipping Point: How Little Things Can Make a Big Difference,Gladwell; Malcolm,Placeholder,TippingPoint.jpg,False,Nothing_Yet
20,,TooBigtoFailTheInsideStoryofHowWallStreetandWashingtonFoughttoSavetheFinancialSystemfromCrisis—andThemselves,Placeholder,2020-07-30 18:21:45.724975+00:00,2020-07-30,True,PostBase object (20),Too Big to Fail: The Inside Story of How Wall Street and Washington Fought to Save the Financial System from Crisis — and Themselves,Sorkin; Andrew Ross,Placeholder,TooBigToFail.jpg,False,Nothing_Yet
19,,UnbrokenAWorldWarIIStoryofSurvivalResilienceandRedemption,Placeholder,2020-07-30 18:21:45.718297+00:00,2020-07-30,True,PostBase object (19),Unbroken: A World War II Story of Survival; Resilience and Redemption,Hillenbrand; Laura,Placeholder,Unbroken.jpg,False,Nothing_Yet
18,,InanUncertainWorldToughChoicesfromWallStreettoWashington,Placeholder,2020-07-30 18:21:45.715305+00:00,2020-07-30,True,PostBase object (18),In an Uncertain World: Tough Choices from Wall Street to Washington,Rubin; Robert E.,Placeholder,UncertainWorld.jpg,False,Nothing_Yet
17,,TheUndoingProjectAFriendshipThatChangedOurMinds,Placeholder,2020-07-30 18:21:45.712305+00:00,2020-07-30,True,PostBase object (17),The Undoing Project: A Friendship That Changed Our Minds,Lewis; Michael,Placeholder,UndoingProject.jpg,False,Nothing_Yet
16,,WhenGeniusFailedTheRiseandFallofLong-TermCapitalManagement,Placeholder,2020-07-30 18:21:45.709200+00:00,2020-07-30,True,PostBase object (16),When Genius Failed: The Rise and Fall of Long-Term Capital Management,Lowenstein; Roger,Placeholder,WhenGeniusFailed.jpg,False,Nothing_Yet
15,,WinningtheLoser'sGameTimelessStrategiesforSuccessfulInvesting,Placeholder,2020-07-30 18:21:45.705211+00:00,2020-07-30,True,PostBase object (15),Winning the Loser's Game: Timeless Strategies for Successful Investing,Ellis; Charles D.,Placeholder,WinningTheLoser'sGame.jpg,False,Nothing_Yet
14,,"=SUBSTITUTE(SUBSTITUTE(B2,"" "",""""),"":"","""")",Placeholder,2020-07-30 18:21:45.701222+00:00,2020-07-30,True,PostBase object (14),The Birth of Plenty: How the Prosperity of the Modern World Was Created,"Bernstein, William J.",Placeholder,BirthOfPlenty.jpg,False,Nothing_Yet
13,,HitRefresh,Placeholder,2020-07-30 18:21:45.698229+00:00,2020-07-30,True,PostBase object (13),Hit Refresh,"Nadella, Satya",Placeholder,HitRefresh.jpg,False,Nothing_Yet
12,,"RunningwiththeBuffaloesASeasonInsidewithMarkWetmore,AdamGoucher,andtheUniversityofColoradoMen'sCrossCountryTeam",Placeholder,2020-07-30 18:21:45.694241+00:00,2020-07-30,True,PostBase object (12),"Running with the Buffaloes: A Season Inside with Mark Wetmore, Adam Goucher, and the University of Colorado Men's Cross Country Team","Lear, Chris",Placeholder,RunningwiththeBuffaloes.jpg,False,Nothing_Yet
11,,WorkingTogetherWhyGreatPartnershipsSucceed,Placeholder,2020-07-30 18:21:45.691249+00:00,2020-07-30,True,PostBase object (11),Working Together: Why Great Partnerships Succeed,"Eisner, Michael D.",Placeholder,WorkingTogetherWhyGreatPartnershipsSucceed.jpg,False,Nothing_Yet
10,,TroubledWaterWhatsWrongwithWhatWeDrink,Placeholder,2020-07-30 18:21:45.687322+00:00,2020-07-30,True,PostBase object (10),Troubled Water: What's Wrong with What We Drink,"Siegel, Seth M.",Placeholder,TroubledWaterWhatsWrongwithWhatWeDrink.jpg,False,Nothing_Yet
9,,LoneSurvivorTheEyewitnessAccountofOperationRedwingandtheLostHeroesofSEALTeam10,Placeholder,2020-07-30 18:21:45.683333+00:00,2020-07-30,True,PostBase object (9),Lone Survivor: The Eyewitness Account of Operation Redwing and the Lost Heroes of SEAL Team 10,"Luttrell, Marcus",Placeholder,LoneSurvivor.jpg,False,Nothing_Yet
8,,FightClub,Placeholder,2020-07-30 18:21:45.678347+00:00,2020-07-30,True,PostBase object (8),Fight Club,"Palahniuk, Chuck",Placeholder,FightClub.jpg,False,Nothing_Yet
6,,TheFirstAmericanTheLifeandTimesofBenjaminFranklin,Placeholder,2020-07-30 18:21:45.668375+00:00,2020-07-30,True,PostBase object (6),The First American: The Life and Times of Benjamin Franklin,"Brands, H.W.",Placeholder,TheFirstAmericanTheLifeandTimesofBenjaminFranklin.jpg,False,Nothing_Yet
5,,AlexanderHamilton,Placeholder,2020-07-30 18:21:45.664383+00:00,2020-07-30,True,PostBase object (5),Alexander Hamilton,"Chernow, Ron",Placeholder,AlexanderHamilton.jpg,False,Nothing_Yet
4,,WhatDoYouCareWhatOtherPeopleThink?,Placeholder,2020-07-30 18:21:45.659396+00:00,2020-07-30,True,PostBase object (4),What Do You Care What Other People Think?,"Feynman, Richard",Placeholder,WhatDoYouCareWhatOtherPeopleThink.jpg,False,Nothing_Yet
3,FragilebyDesignThePoliticalOriginsofBankingCrisesandScarceCredit,FragilebyDesignThePoliticalOriginsofBankingCrisesandScarceCredit,Placeholder,2020-07-30 18:21:45+00:00,2020-08-11,True,PostBase object (3),Fragile by Design: The Political Origins of Banking Crises and Scarce Credit,Calomiris; Charles W.,Placeholder,FragilebyDesignThePoliticalOriginsofBankingCrisesandScarceCredit.jpg,False,book_images/AManForAllMarkets.jpg
7,BusinessAdventures,BusinessAdventuresTwelveClassicTalesfromtheWorldofWallStreet,Placeholder,2020-07-30 18:21:45+00:00,2020-08-11,True,PostBase object (7),Business Adventures: Twelve Classic Tales from the World of Wall Street,Brooks; John,Placeholder,BusinessAdventuresTwelveClassicTalesfromtheWorldofWallStreet.jpg,False,book_images/BusinessAdventuresTwelveClassicTalesfromtheWorldofWallStreet.jpg
61,More Than You Know: Finding Financial Wisdom in Unconventional Places,MoreThanYouKnowFindingFinancialWisdominUnconventionalPlaces,"The following are notes I made while reading the book ""More than You Know: finding Financials Wisdom in Unconventional Places"" by Michael Mauboussin:

First and foremost: Michael Mauboussin is my hero. He's just great.
He gives a good example on the danger of expertise. The 10,000 hours rule which was discovered by Dr. Anders Ericsson and popularized by Malcom Gladwell basically said that if you practice at something for 10,000 hours you become an expert. There was more going on there both Gladwell and Ericsson have pushed back at the idea that it is that simple, but that is generally what is repeated by the masses. Mauboussin explains however that while thousands of hours of deliberate practice will certainly allow experts to internalize the nuances and particulars of their domain and even develop certain intuitions the downside is that it reduces cognitive flexibility. You get stuck on the ideas that you have repeatedly fed into your mind and you may be numb to changing circumstance or will not test your long held beliefs frequently enough as they are not just a part of your thinking.
""Valuation depends on your time horizon."" Preach. I have been thinking about this for a while and also the idea that taxes maybe affect your personal valuation?

The Dow 36,000 was wrong because they assumed everyone would adopt a long-term time horizon and the equity risk premium would disappear and people would be willing to pay much more for stocks. Michael says this is wrong because it assumes investor homogeneity, but markets needs investor diversity. Why?",2020-07-30 18:21:45+00:00,2020-08-01,True,PostBase object (61),More Than You Know: Finding Financial Wisdom in Unconventional Places,Mauboussin; Michael J.,Placeholder,MoreThanYouKnow.jpg,True,Nothing_Yet
73,Intuition: Knowing Beyond Logic,IntuitionKnowingBeyondLogic,"The following are notes I made while reading the book ""Intuition: Knowing Beyond Logic"" by Osho:

On the first page I knew reading the book was going to be a challenge for me because it starts off explaining the idea that intuition is not something that can be learned, but just sort of felt. My own view has generally been quite the opposite and practically everything I do is done with the end goal of developing and honing my intuition to become a more effective and efficient tool. For example, think about reading. Like most people I don't think I remember most of what I read except for perhaps the most salient facts or stories, but that is not the true benefit of broad and deep reading in my opinion. Through extensive reading my hope is to continually train my intuition by providing it with more and more ideas and concepts that I may not remember in their entirety, but the fundamentals of the ideas will still influence the way I think. To state in another way, I hope to use my system 2 brain to feed my body with enough ideas so that my system 1 brain which is much quicker and more efficient can recognize patterns it has seen before. The purpose really being that there is great utility in having a high-powered system 1 thinking as there are a lot of situations where speed is paramount, and first gut reactions are beneficial. I believe Patrick Oshaughnessy described intuition as nothing more than pattern recognition and that the recognition software your brain is equipped with has been shaped by the experiences you have. A fun and fictional example of pattern recognition at work is in the stories of Sherlock Holmes that I have been reading. Sherlock has spent and still spends a vast majority of his time reading the reports of every criminal case he can get his hands on and reads newspaper reports of every mysterious case there is. His rational is that humans are similar enough that the crimes we commit are generally just variations of others that have occurred before. This means that for the vast majority of cases he sees he can identify what has occurred nearly instantly after gathering the data from the crime. Similar I think to how Warren Buffet is able to make 2 minute, multibillion dollar deals because he has spent his entire life reading about businesses so when a seemingly new opportunity comes before him it can seem ridiculous that he is able to make such snap decisions. In reality that snap decision is founded on years of preparation and knowledge about similar deals.

It appears I am getting a little off topic here and hopefully my initial disagreements are not simply a matter of semantics. Perhaps what Osho defines as intuition is different from my understanding. It may be that when I use the word intuition, I am referring to just an altered form of what Osho thinks of as the disdainful 'intellect'. I think this book is going to be quite difficult for me to internalize in the way that Osho would like because he describes intuition as something that cannot be understood by intelligence and if I know myself I am going to try to reason through the entire book and likely miss the point of what he is trying to say.

So, my post read thoughts are not too much different than initial feelings. I guess you could say that my intuition told me it would not really be a book for me, and it was correct. Haha. Maybe I will be able to appreciate this book and the concepts contained if I re-read it at some point later in life when I have more experiences, but for now, it just did not click. I need to reason my way through everything and that is not something generally encouraged by my man Osho.",2020-07-30 18:21:45+00:00,2020-08-01,True,PostBase object (73),Intuition: Knowing Beyond Logic,Osho,Placeholder,IntuitionKnowingBeyondLogic.jpg,True,Nothing_Yet
75,Hedging Market Exposures: Identifying and Managing Market Risks,HedgingMarketExposuresIdentifyingandManagingMarketRisks,"The following are notes I made while reading the book ""Hedging Market Exposures: Identifying and Managing Market Risks"" by Bychuk and Brian Haughey:

Page two and this book already has me thinking. It is discussing differences between intrinsic value and extrinsic value (the value the market assigns to an asset). It discusses the danger of assigning an intrinsic value to an asset with no cash flows. This is something that has always resonated with me as I was indoctrinated early on with the valuation mindset that something is only worthwhile if it produces cash flows. My thoughts here being that without cash flows to act as gravity for the asset you are only playing a pricing game and relying on the greater fool theory to make a return. There is a great deal of arrogance here on my part stemming from the belief that I, with proper diligence, could estimate these cash flows accurately and thus earn an attractive return regardless of what the short-term focused """"irrational market"""" believed. With this arrogance I said I did not want to be subject to the whims of market fads and fancies, but instead could count on my own intelligence. But this book has stirred the idea in me that I should at least think about a way to quantify future prices because extrinsic value may never align with intrinsic value. Supply and Demand equations? Some psychological interpretations? Technical analysis? I dunno, but I should certainly give these thoughts more weight as opposed to just scoffing at the idea of the pricing game, because it may be the only game in town. 

I think this books explanation of the mechanics of how Central Banks work is one of the best I have read. They seem to understand the market-based mechanics through which central banks work as opposed to just parroting on about how central banks are deciding to move interest rates around.  Pg. 8-9.

One beef I have is when the authors say it is foolish for portfolio managers to sacrifice long term performance for short term gains. Obviously as an idea I support this enthusiastically, but the example they give seems incorrect to me. They say it is unwise for institutional funds to lend securities they own to other firms or individuals for the purpose of short selling because it is stupid to support the actions of those seeking to depress the price of an asset you own. At first pass this sounds like a reasonable statement, but not after deeper thought. First issue is that I would imagine that it is extremely unlikely that the short sellers you are lending to will be shorting enough securities to have any sort of impact on the actual price of the security. Perhaps this is wrong, but I think I heard somewhere that a general rule of thumb was that you can trade 5% of the daily volume without impacting price. Highly doubtful that you are lending 5% of the daily volume of a security. Second issue is that even if they do impact the price so what? If you own the asset in your portfolio clearly you have a positive view on future returns of the asset and expect that the price will increase. (I guess technically this doesn't have to be true if the negatively correlated with the rest of your portfolio and the diversification benefits are enough to compensate you for the negative expected return). So, what happens if the short sellers affect the price? Maybe the asset declines in value by a whopping 10% (doubt it). But if you are confident in your analysis that the security was previously below its intrinsic value you are either indifferent or happy with this outcome from an objective standpoint. You can be indifferent in that you are confident this is just a short-term market irrationality which will inevitably correct itself in the long term. Alternatively, you may be thrilled because now you can purchase the security at a steeper discount than before and increase your expected return! In affect you created a bargain for yourself by encouraging the short sellers! I would say that this strategy is actually the opposite of what the authors propose. You are sacrificing short term returns and increasing volatility, but at the least having no effect on the long term outcome and actually increasing your total return on the investment because you are collecting income from the short sellers for the privilege of allowing them to borrow your asset. 

I really liked the idea that an asset model should not just """"spit out"""" one fundamental price, but instead provide a confidence interval for the estimate. This is a problem I typically have with analyst reports. It seems so absurd to me to have price targets to the decimal point and pretend like that's THE value of the asset that the market price must converge to. I believe Michael Mauboussin said one of his successful hedge fund friends forbids that their analyst give target prices for stocks and instead only allows them to discuss stock prices on an expected value approach with a whole probability distribution. I would add a little extra touch and say whatever your initial 95% confidence interval is you should increase it because as behavioral finance teaches us we are overconfident in our estimates. 

I also really like the idea that one of the great benefits of having a quantitative financial model is so that you can get a much better feel for the sensitivity of an asset to changes in the essential input parameters. The beauty of closed formed expressions is in their interpretability. An example I think most people can get behind and see the utility of is just a dividend discount model. It is a wonderful tool for helping you conceptualize how a stock can move and the magnitude of such moves. Just vary either the dividend, the growth rate, or required rate of return and observe. 

A concept that I believe I would struggle with immensely if I was forced to actually implement it is to treat my model as a """"black box"""" meaning that the inputs and parameters are uninterpretable. I just don't think I would be able to use a model I don't understand as it would make me too uncomfortable. Listening to Patrick's podcast I believe some of the guest he interviews discussed that this was a problem that resulted from machine learning where their algorithms produced models, but there would be 1000 variables and it was meaningless to interpret them. The pleasure of analysis is in the interpretation! I like to think I am pragmatic and that I will do what needs to be done regardless of how I feel, but I would struggle immensely relying on a model where I didn't understand the levers that impact the output.",2020-07-30 18:21:45+00:00,2020-08-01,True,PostBase object (75),Hedging Market Exposures: Identifying and Managing Market Risks,Bychuk; Oleg V.,Placeholder,HedgingMarketExposures.jpg,True,Nothing_Yet
2,"Descartes' Error: Emotion, Reason, and the Human Brain",descartes-error-emotion-reason-and-human-brain,"The following are notes I made while reading the book ""Descartes Error"" by Antonio Damasio:

So somatic markers are pretty interesting. Unfortunately I do not know it well enough to give an explanation I am confident in, but I generally think about somatic markers simply as emotional impressions your mind/body/brain makes on certain events that guides future decisions or thoughts made by your mind/body/brain.

A good example I think to illustrate the benefits of somatic marking is the study done where participants were put through a simulated gambling game. There are some nuances there, but the basic design of the game is that a participant has to choose a card between multiple card decks repeatedly and the payoff they receive is dependent on the card they draw. Some of the decks are weighted with positive expected value outcome and some will yield a negative expected outcome if repeated cards are chosen. The payoffs can be complex enough and their responses are required fast enough so that the participants cannot rationally or analytically think through which deck has the positive expected outcome, but the fun result is that people learn rather quickly which decks are optimal and begin choosing from those decks exclusively. The theory being that their somatic markers have left negative impressions on the shitty decks and positive vibes on the better decks which leads to optimal decision making. People with certain emotional brain deficiencies, but who are still intelligent and analytically capable fail at this task because they do not benefit from the somatic markings.

Prospect theory is pretty popular and the crux of it is that losses hurt more than gains and therefore humans are loss averse.

The connection I was pondering would be something along the lines of: Prospect theory tells us how we can expect to feel and the somatic marker hypothesis tells us how we internalize those feelings and how they are incorporated into our decision making.

Throughout our life as we experience gains and losses in life more generally, but specifically with our investments our somatic markers are making constant impressions on us that impact our subsequent choices. Every time we experience a positive return because of a decision we made that decision is marked positively which is cool, but when we have bad decisions these are given strong negative markings that carry more weight than the positives. The importance these markers have is that they shape our future thinking. The somatic markers are used as a first pass filter for our brain to weed out a lot of the noise which allows us to focus on a subset of all possible thoughts. At first our thoughts are only exposed to things that have passed this first pass filter and if we want to dig further we have to make a very concerted effort to broaden our thinking which is not natural for most people. I think the importance and impact of these markings should be obvious because they literally shape our thoughts.
A hypothetical example of somatic marking at work could be people's general attitude towards the stock market. Think about a young, intelligent professional, possibly an engineering graduate with a decent job who was 27 in the year 2000. Let's assume they were a disciplined individual who saved more than they spent over the first 4 years of their professional careers and invested their excess money into the stock market like a responsible young adult because that is what their advisor told them to do. Unfortunately shit hit the fan and things went bust. Perhaps this individual even had the majority of their portfolio in tech stocks because their advisor said they were young and should assume more risk. The unfortunate consequence is that this individual lost over 60% of their recently acquired wealth. Obviously, this would be a bummer, but the real lasting consequence is the impression this experience left on said person. Prospect theory tells us that they were traumatized by this drawdown and the somatic marker hypothesis says that this event was ingrained deep into their psyche. This person most likely now holds a deep bias against the stock market and will most likely not invest again for a while if ever.

So, I don't know if that example really exemplifies somatic marking at work in the way I was originally thinking, so that's my bad. I was thinking more along smaller/frequent decisions individuals make that are more easily driven through emotional impressions so I should try to think of more examples.
But I guess I would say one of the main ideas that I should flesh out a bit more here is that context is everything as usual. Somatic marking can be powerful and useful in some situations and yet produce sub-optimal outcomes in others.

I know I am probably incorrectly applying both prospect theory and somatic marking, but it was fun to think about anyway.",2020-07-30 18:21:28+00:00,2020-08-01,True,PostBase object (2),"Descartes' Error: Emotion, Reason, and the Human Brain",Antonio Damasio,Placeholder,DescartesError.jpg,True,Nothing_Yet
1,The Ascent of Money: A Financial History of the World,ascent-money-financial-history-world,"The following are notes I made while reading the book ""The Ascent of Money: A Financial History of the World"" by Nial Ferguson:

Ideas sparked from the first few chapters:

Finance amplifies our natural differences. Leverage of our innate talents and abilities. Finance moralizes. It made you more likely to trade with a stranger in the forest than bash his head in. To understand finance, you need to understand either the problems it solves, or service it provides, or utility it delivers.

One idea I found enjoyable and thought provoking is that finance amplifies our innate talents and abilities. Leverage!

I certainly enjoyed the notion that commerce essentially acted as a moralizer for civilization. In the olden days if you were living your life as a hunter-gatherer exploring the jungle and you happened across a stranger in the forest a probable outcome from such an encounter is that one of you winds up dead. Along comes the notion of trading and instead of violence your first thought turns toward a mutually beneficial exchange of goods! People's desire for trade facilitates more amicable interactions among strangers.

Another way the engine of finance powered society forward is through the introduction of record keeping which served as the origins for written language and record keeping. The first documents created were essentially accounting records business owners used to keep track of their assets and business transactions. Who owed who what and how much and when and where and such. It was upon this foundation that written language was born as people increasingly appreciated the benefits of documentation. I don't think it is all that necessary to delve into a formal appreciation for the impact language has had on society... but it is a lot.",2020-07-30 18:20:17+00:00,2020-08-01,True,PostBase object (1),The Ascent of Money: A Financial History of the World,Nial Ferguson,Placeholder,AscentOfMoney.jpg,False,Nothing_Yet
